{
  "top_k_graded": 15,
  "fixed_weights": {
    "ranking": {
      "min_similarity_cutoff": 0.25
    }
  },
  "baseline_queries_ndcg": 0.36294671420967095,
  "baseline_latency_p95_ms": 1698.8526149999761,
  "phase2_ran": true,
  "phase2_skip_reason": null,
  "winner_balanced_config_id": "dense_bge_base",
  "winner_balanced_dense": "BAAI/bge-base-en-v1.5",
  "winner_balanced_cross_encoder": "cross-encoder/ms-marco-MiniLM-L-6-v2",
  "recommendation_notes": [
    "Candidate production pair: dense=BAAI/bge-base-en-v1.5 ce=cross-encoder/ms-marco-MiniLM-L-6-v2 (NDCG@15 0.3777 vs baseline 0.3629; p95 1771.3ms vs 1698.9ms)."
  ],
  "results": [
    {
      "config_id": "baseline",
      "dense_model": "all-MiniLM-L6-v2",
      "cross_encoder_model": "cross-encoder/ms-marco-MiniLM-L-6-v2",
      "queries_ndcg_at_k": 0.36294671420967095,
      "queries_recall_at_k": 0.36930379746835457,
      "queries_mrr": 0.5534799175342736,
      "test_plan_402_ndcg_at_k": 0.32174096925670914,
      "test_plan_402_recall_at_k": 0.3152777777777777,
      "test_plan_402_mrr": 0.5312678062678062,
      "calendar_win_rate": 1.0,
      "calendar_weighted_win_rate": 1.0,
      "calendar_non_stem_win_rate": 1.0,
      "mean_jaccard_at_k": 0.08250740319705838,
      "mean_calendar_set_recall": 0.14722222222222223,
      "latency_p50_ms": 1381.0988500000008,
      "latency_p95_ms": 1698.8526149999761,
      "latency_mean_ms": 1291.8628583333264,
      "latency_n_queries": 24
    },
    {
      "config_id": "dense_mpnet",
      "dense_model": "all-mpnet-base-v2",
      "cross_encoder_model": "cross-encoder/ms-marco-MiniLM-L-6-v2",
      "queries_ndcg_at_k": 0.36502416782760383,
      "queries_recall_at_k": 0.3797468354430381,
      "queries_mrr": 0.5517602230372151,
      "test_plan_402_ndcg_at_k": 0.3264184685106857,
      "test_plan_402_recall_at_k": 0.3194444444444444,
      "test_plan_402_mrr": 0.5311162911162911,
      "calendar_win_rate": 0.9583333333333334,
      "calendar_weighted_win_rate": 0.9666666666666667,
      "calendar_non_stem_win_rate": 1.0,
      "mean_jaccard_at_k": 0.0807267764164316,
      "mean_calendar_set_recall": 0.14444444444444446,
      "latency_p50_ms": 1323.0305000000158,
      "latency_p95_ms": 1687.0739349999724,
      "latency_mean_ms": 1327.546658333328,
      "latency_n_queries": 24
    },
    {
      "config_id": "dense_bge_base",
      "dense_model": "BAAI/bge-base-en-v1.5",
      "cross_encoder_model": "cross-encoder/ms-marco-MiniLM-L-6-v2",
      "queries_ndcg_at_k": 0.37773126893016085,
      "queries_recall_at_k": 0.39725738396624477,
      "queries_mrr": 0.5509875595038918,
      "test_plan_402_ndcg_at_k": 0.33097679495867394,
      "test_plan_402_recall_at_k": 0.32916666666666655,
      "test_plan_402_mrr": 0.524337098087098,
      "calendar_win_rate": 1.0,
      "calendar_weighted_win_rate": 1.0,
      "calendar_non_stem_win_rate": 1.0,
      "mean_jaccard_at_k": 0.0773058678231092,
      "mean_calendar_set_recall": 0.1388888888888889,
      "latency_p50_ms": 1445.1190500001303,
      "latency_p95_ms": 1771.2547199998878,
      "latency_mean_ms": 1463.4935249999992,
      "latency_n_queries": 24
    },
    {
      "config_id": "dense_e5_base",
      "dense_model": "intfloat/e5-base-v2",
      "cross_encoder_model": "cross-encoder/ms-marco-MiniLM-L-6-v2",
      "queries_ndcg_at_k": 0.37633384935517056,
      "queries_recall_at_k": 0.39862869198312245,
      "queries_mrr": 0.5532105263864463,
      "test_plan_402_ndcg_at_k": 0.3269137398831391,
      "test_plan_402_recall_at_k": 0.32916666666666655,
      "test_plan_402_mrr": 0.5274825967424006,
      "calendar_win_rate": 1.0,
      "calendar_weighted_win_rate": 1.0,
      "calendar_non_stem_win_rate": 1.0,
      "mean_jaccard_at_k": 0.08557306359030496,
      "mean_calendar_set_recall": 0.15277777777777782,
      "latency_p50_ms": 1415.75064999995,
      "latency_p95_ms": 1784.8679400000376,
      "latency_mean_ms": 1404.8486958333226,
      "latency_n_queries": 24
    },
    {
      "config_id": "ce_ms_marco_l12",
      "dense_model": "all-MiniLM-L6-v2",
      "cross_encoder_model": "cross-encoder/ms-marco-MiniLM-L-12-v2",
      "queries_ndcg_at_k": 0.3654908526794407,
      "queries_recall_at_k": 0.36940928270042206,
      "queries_mrr": 0.5584396140799714,
      "test_plan_402_ndcg_at_k": 0.3255959317851624,
      "test_plan_402_recall_at_k": 0.3152777777777777,
      "test_plan_402_mrr": 0.5444846656611361,
      "calendar_win_rate": 1.0,
      "calendar_weighted_win_rate": 1.0,
      "calendar_non_stem_win_rate": 1.0,
      "mean_jaccard_at_k": 0.08264985333950851,
      "mean_calendar_set_recall": 0.14722222222222225,
      "latency_p50_ms": 2681.7641000000094,
      "latency_p95_ms": 3296.456494999779,
      "latency_mean_ms": 2496.0225208332836,
      "latency_n_queries": 24
    },
    {
      "config_id": "ce_bge_reranker_base",
      "dense_model": "all-MiniLM-L6-v2",
      "cross_encoder_model": "BAAI/bge-reranker-base",
      "queries_ndcg_at_k": 0.35035686978260094,
      "queries_recall_at_k": 0.3756329113924052,
      "queries_mrr": 0.5196707182776252,
      "test_plan_402_ndcg_at_k": 0.3086012111995837,
      "test_plan_402_recall_at_k": 0.3208333333333332,
      "test_plan_402_mrr": 0.4893706756206756,
      "calendar_win_rate": 0.9166666666666666,
      "calendar_weighted_win_rate": 0.9166666666666666,
      "calendar_non_stem_win_rate": 0.9166666666666666,
      "mean_jaccard_at_k": 0.06707612311060587,
      "mean_calendar_set_recall": 0.12222222222222225,
      "latency_p50_ms": 9943.4961500001,
      "latency_p95_ms": 12023.581815000125,
      "latency_mean_ms": 9229.405366666697,
      "latency_n_queries": 24
    },
    {
      "config_id": "mixed_best_dense_best_ce",
      "dense_model": "BAAI/bge-base-en-v1.5",
      "cross_encoder_model": "cross-encoder/ms-marco-MiniLM-L-12-v2",
      "queries_ndcg_at_k": 0.3754833537308056,
      "queries_recall_at_k": 0.3975738396624473,
      "queries_mrr": 0.5525322692410811,
      "test_plan_402_ndcg_at_k": 0.3317352095741708,
      "test_plan_402_recall_at_k": 0.32916666666666655,
      "test_plan_402_mrr": 0.5353256302521007,
      "calendar_win_rate": 1.0,
      "calendar_weighted_win_rate": 1.0,
      "calendar_non_stem_win_rate": 1.0,
      "mean_jaccard_at_k": 0.0820495277391829,
      "mean_calendar_set_recall": 0.14722222222222223,
      "latency_p50_ms": 2346.585299999788,
      "latency_p95_ms": 2921.12454999999,
      "latency_mean_ms": 2392.0326541666177,
      "latency_n_queries": 24
    },
    {
      "config_id": "p2_mpnet_marco_l12",
      "dense_model": "all-mpnet-base-v2",
      "cross_encoder_model": "cross-encoder/ms-marco-MiniLM-L-12-v2",
      "queries_ndcg_at_k": 0.36540281578835754,
      "queries_recall_at_k": 0.38027426160337563,
      "queries_mrr": 0.5524637389668545,
      "test_plan_402_ndcg_at_k": 0.3330411562858433,
      "test_plan_402_recall_at_k": 0.3194444444444444,
      "test_plan_402_mrr": 0.5507026143790849,
      "calendar_win_rate": 1.0,
      "calendar_weighted_win_rate": 1.0,
      "calendar_non_stem_win_rate": 1.0,
      "mean_jaccard_at_k": 0.07883211934936073,
      "mean_calendar_set_recall": 0.1416666666666667,
      "latency_p50_ms": 2440.6017500000416,
      "latency_p95_ms": 2995.8346000005345,
      "latency_mean_ms": 2422.561891666684,
      "latency_n_queries": 24
    },
    {
      "config_id": "p2_mpnet_bge_rerank",
      "dense_model": "all-mpnet-base-v2",
      "cross_encoder_model": "BAAI/bge-reranker-base",
      "queries_ndcg_at_k": 0.35207793133738285,
      "queries_recall_at_k": 0.3779535864978903,
      "queries_mrr": 0.5141945022232491,
      "test_plan_402_ndcg_at_k": 0.3052411101427773,
      "test_plan_402_recall_at_k": 0.31527777777777766,
      "test_plan_402_mrr": 0.464727686529157,
      "calendar_win_rate": 0.9583333333333334,
      "calendar_weighted_win_rate": 0.95,
      "calendar_non_stem_win_rate": 0.9166666666666666,